MolId;Electron affinity (eV);Reduction free energy (eV)
6e387ff667eac339765e20c257db14a9-C4F1H8O2P1-0-1;0.475202;-4.393270
6e184145e0a3d59cf41deb7a48736e1a-C4F1H8O2P1-0-1;3.480063;-3.641399
82453decb15fa86619f405c2255afd24-F1N1O3S2-0-1;2.541562;-4.846668
c01bdfc12dd37e8f9b75769be4ff7135-C6H10O6-0-1;0.614032;-0.753708
13fde7cb21aa0bae798661910af042f9-C5F2H6O3-0-1;4.203264;-4.786887
9a80e7d3b8cba52608bfe53c2b6db0ac-C3F3H2O2P1-0-1;2.629358;-3.350772
7effebabf4adbd155b4aac995e62d37b-C5F2H6O3-0-1;4.503998;-4.971486
2c96eb4288d63b2a9437ddd4172e67f3-H2O1-0-1;0.490449;-0.613933
eefdfcd29fba955b8e8691b85f4badd3-C3F1H4O3P1-0-1;2.664448;-3.225675
620346cfe2e5fd708d38ad59137e7e65-C3F1H4O3P1-0-1;3.872686;-4.119503
05178f156d01553929413f706874b78a-C2F1O2P1-0-1;3.911313;-4.268973
6d3cb14458ca8bd6d2815732a5844caa-C2F1O2P1-0-1;2.717432;-2.415371
91c8d2920d7fae87132a81b95c07dd4a-C2F1O2P1-0-1;4.100789;-6.221765
0ab022f73af45db70b5abc61e7cc5bc6-C3H1O2P1-0-1;4.296534;-4.742611
796506dbd3f3230e3d246a59ef72ecb3-C3F2H3O4P1-0-1;0.629850;-1.233990
a3b8cb94733e47a4966a08138fd78064-C2H6O2-0-1;-0.184208;0.106103
96b8af3838777f9f3e6b972d5aa3a84f-C4F1H8O3P1-0-1;2.079434;-2.412756
5e15a57678ef5b22d37ef6cc5dbda8a3-C4F1H8O3P1-0-1;0.449736;-4.443994
84a635271c4fddb04b12de734b6e0350-C4F1H8O3P1-0-1;2.426343;-3.049675
82e454f28d45cd2eaf051cbfb3804793-C4F1H8O3P1-0-1;3.329710;-4.123605
eab256ea76e458e90d49eaa61c4423a4-C3H2O4-0-1;1.682153;-2.633930
58bf453b2da0fa442f8213e43d1fcb28-C3H2O4-0-1;0.858039;-2.272936
28db6a82af56b90b126446758dd96749-C4H6O3-0-1;1.718892;-2.527952
2a523d412b04d31a1160fdb5962b3724-C4H6O3-0-1;2.960800;-3.796720
7daa5fbb02de5e72b0368d31249f24e5-C4H6O3-0-1;0.234357;-0.936700
8e12f0e9d0bcddddc5919ed33f643e1e-C3F2H1O3P1-0-1;4.478825;-5.230402
20aa5b08677c6496f350080e4d039a60-C3F1H6O3P1-0-1;3.290456;-4.033409
0184135e4f900328a3c661dd5600d9a8-C3H6O4-0-1;0.537132;-0.641728
bb7fccf8e480fc83a39edf4843d93c6c-C2F3H2O2P1-0-1;2.555459;-3.707432
b7f4432b69c68f4865160e1bdad6ef9a-C2F3H2O2P1-0-1;2.679970;-3.425347
73d82496d43b06e56f25c4a0d106f468-C2F3H2O2P1-0-1;0.121140;-1.688623
390b4ebf4b758be7382327cd87d28e99-C5F1H7O2-0-1;3.695673;-4.614592
0d40ed1ae2549562537c4d2ef026dc32-C2F3H2O1P1-0-1;2.094619;-3.294169
f5c0d32cb4243e77b18ae286bc39a8db-C2F3H2O1P1-0-1;2.557022;-3.278940
31ebd083e3d73bfad23b4361f9fb48e6-C2F2H3O2P1-0-1;0.412089;-1.899721
079282e8951ef25043cc187a1eeeba61-C3F3H2O3P1-0-1;2.719855;-3.481499
3c248ee85a538adb3b04a15c91ad0bfd-C3F2H5O2P1-0-1;1.891062;-2.415050
956a458d86d5a327087383cc45d2429c-C2F3H4O1P1-0-1;0.337551;-1.278810
b0626fbc4250f17418f086afc0c04c88-C6F2H6O5-0-1;2.552987;-4.936331
6afc8b87d2decd8d32bf667ccaab0be2-C6F2H6O5-0-1;2.620134;-4.779203
db3b5309b96fef654ff39e1c4277f277-C3F1O2P1-0-1;4.817117;-5.450739
a3aec91fc4c5258bc56344e921ff3e93-C4F3H6O2P1-0-1;2.244795;-2.341018
fc731b7e2ac2b605df35e96e8b399b60-C4F3H6O2P1-0-1;0.595370;-1.654588
59b4374c1833abf195a8a9803de080d5-C4F3H6O2P1-0-1;1.844666;-1.547923
2b5a6c235e3f51a6f43ac533253cd165-C4F3H6O2P1-0-1;2.842851;-4.167470
63bc2536bdd693b139805f016e5af60a-C4F3H6O2P1-0-1;1.865545;-1.517732
0a9c070d174be308780714f4382ea3f3-C4F3H6O2P1-0-1;2.612086;-1.483922
67ad0b3efe8f5d2ec4f72bc8187f179b-C3F1O3P1-0-1;4.912626;-5.524099
ac6fcf62cb6e30142dd0bdbff7f2fd11-C3F1O3P1-0-1;4.177633;-4.395298
d17ad8c007a93456b5bf7857216292ea-C3F2H5O3P1-0-1;1.944632;-1.689114
92e536266b92af9c064e48eaa7ac26b0-C3F3H4O3P1-0-1;2.819840;-3.376858
43f8252d83847dfaaf3ab6c2c77ca6d0-C3F3H4O3P1-0-1;1.539452;-2.337592
88556cbbe62e7dbea3e0083231abde30-C3F3H4O3P1-0-1;2.057044;-2.586797
d38b7fab6a8f640c8e3659db568bd2b1-C3F1H1O3-0-1;-0.542078;-1.783043
8d243794e8cd04e8c7b6efba19f119f0-C3F1H1O3-0-1;1.822502;-4.182697
09aa54d153627b2ccca466948039c9a7-C3F2H3O2P1-0-1;1.497270;-2.415010
8a8d5e092c1554b7a50056f85c9fba1a-C2F2H1O1P1-0-1;0.733443;-2.039634
3d9837c36dd14ed9e25623a7d6fe7a7d-C2F2H1O1P1-0-1;3.848630;-4.312956
44f0e182e5501acaf1eaf07098040a8b-F1N1O1S2-0-1;2.903653;-3.759265
89021f982c3184bcbb1fef5eef9e6779-C5F1H7O3-0-1;4.010600;-4.721579
ac511fb7ddcc82bc116b10460f810617-C2F2H1O4P1-0-1;2.913863;-3.497505
48520374534fbf55c5079c48d5271d75-C1F2H1O2P1-0-1;2.951064;-2.402905
d9ceb9b7ed76d1fa42d9fa458d30d0e0-C3F1O4P1-0-1;4.077355;-6.557602
223fe308ef4ad013168804f44e01acec-C3F1O4P1-0-1;2.976458;-2.584540
b0f13dcf5a68ddbc4d962cd040cf83fb-C5F2H6O2-0-1;4.402143;-4.894628
e7093972202fe91d98ae41e78912f397-C2F2H1O2P1-0-1;0.556459;-2.418298
8d81e9dbbf2892594400fa6964089385-C2F2H1O2P1-0-1;1.718739;-2.725392
2e35e66ce343dedffd619c98420f83cc-C2F2H1O2P1-0-1;2.687703;-3.979678
1be51dbe1efa6d1c664221f811e57f9f-C2F1H2O2P1-0-1;2.279834;-1.360243
d8f2605de501a7b204d3ab3f48f2758d-C2F1H2O2P1-0-1;2.273369;-3.212423
712e795618e0acbdd0c4b57a53551e0a-C2H3O3P1-0-1;1.823437;-2.516681
c7f552cb999a7ce124c18bd0725210fe-C2F2H1O3P1-0-1;1.978219;-2.958307
be4f0f90e01062df9189f824ca607fd3-C2F2H1O3P1-0-1;3.100633;-4.364357
70419a2a17e6a5fd24a81a9156bb713d-C4F4H7O3P1-0-1;3.302315;-4.208745
c3f9f22ce28b83bb6492f32b439bc138-C3F3O4P1-0-1;0.515666;-2.738809
935ab72749fc46385c6efadb4a3659cf-C3F1H3O3-0-1;-0.711475;-1.242577
3c79b65d20f3023daefe4349b75b936d-C4F1H3O5-0-1;2.417078;-4.787318
dc3af32f0ebff3aabc993e46eecf9c12-C2F2H3O1P1-0-1;0.315614;-1.058519
571bceae46fb809b0f9afa74166cc098-F3O1P1-0-1;0.510964;-2.252642
14ecbf9adffeab91c43accfd325fddc4-C4H4O6-0-1;0.340096;-1.235517
77e36ea5825316cb2ce160bb69df140e-C4H4O6-0-1;2.422182;-2.959972
8a5050e998b7b28682f72b317573f938-C4H4O6-0-1;3.744541;-4.498461
82578fc54f1b73dbc927161288404fcf-C4F2H7O3P1-0-1;1.970429;-3.139397
f9a8716ff8cf3d1944526f62e864b488-C4F2H7O3P1-0-1;3.432914;-4.234332
ea8d5c1a8759d8ff3368cfac6e8d58bd-C4F2H7O3P1-0-1;3.428391;-4.177787
419d46397555f67fc2e923ed4a98c18d-C4F2H7O3P1-0-1;-0.097245;-1.591994
5cda00256bc78e492ac7cd5328fa32e5-C6H8O6-0-1;0.154961;-0.880864
14087bb55f635f76e12b515c4caab80f-C6H8O6-0-1;2.063290;-2.695240
60622cd678e3e23579c8ea21ccdcd939-C6H8O6-0-1;3.836383;-4.538431
2d83ec2708a54987ba5f21a518c2025c-C4F4H5O3P1-0-1;2.716677;-3.552795
aa6cf6f2f061f54b089a5e2740c5738c-C4F4H5O3P1-0-1;3.314800;-4.197672
8fcf6da3917e28613ae02746eb4413ed-C4F4H5O3P1-0-1;3.022693;-3.808512
42c1f80fccf1c7cd705908378384f551-C4F4H5O3P1-0-1;1.991220;-2.568757
908e70f5f0342915fd78ed3b98289086-C4F4H5O3P1-0-1;2.700889;-3.082984
7983f518ec5f0e8d6ce067a43780ccd2-C4F4H5O3P1-0-1;0.240754;-2.157353
691ec7ecaddf547e284a85d6057b5da1-C2F3O1P1-0-1;0.809482;-2.433834
0a520d0e09c071cab5ba79f842785136-F2H1O2P1-0-1;0.881615;-1.564812
bea9f8f92f17ce7b21d77ac7b2ab96de-C3H4O4-0-1;2.292568;-2.762788
afe6a2932a4dadd9ffbafd0f618c2197-C3H4O4-0-1;-0.226023;-0.806694
578515426dfd7d00ce4f8feeb5e7dc72-C3H4O4-0-1;3.281755;-3.867602
7fa3376c2653bf2b400a3716928564a8-C4F1H7O2-0-1;3.110431;-3.852019
0d5b5afbc48149f2a157ada863e3b093-C4F1H7O2-0-1;0.953001;-1.574097
dc9d1683439687356a04502031ecf779-C3H3O3P1-0-1;3.977224;-4.183075
7bd57fea6c57e333f47b8062ceeea609-C3H3O3P1-0-1;2.760162;-3.242153
6ecda3f5fc589415cdee44cf5cf40122-C3H1O3P1-0-1;4.191931;-4.410900
cfd5075ae4fc772d2f2b95b41c4e8035-C2F3O2P1-0-1;0.575180;-2.784476
2881971a29bc414c0a79cf1a019df7d8-C6H10O5-0-1;0.609902;-0.761888
78d898a1a2131b55b8d4ce9c4fb514fa-C1F1H2O3P1-0-1;3.229894;-4.081656
1548e6e969e6678853e16a9d3b891995-C3F3H6O2P1-0-1;3.561795;-4.101781
9b0a84f6bcd49a0e426f3992c5435d4e-C3F1H6O2P1-0-1;3.577742;-3.519178
6040c3b4c4bc1f39915dd6ae10f38081-C1F3N1O2S2-0-1;4.798148;-5.244581
c4fb0d278453fb0bae00d353e83bedd6-C1F3N1S2-0-1;3.949289;-4.202623
7ff8e52a1d90eec55fd84c181ec7c6ff-C3F1H2O3P1-0-1;2.774788;-3.381303
0cb31ae070376b2df1705bc872f553f1-C3F1H2O3P1-0-1;3.982765;-4.267437
4d9e4ba7f6274b1c33a7cde73ab7fea4-C3F1H2O3P1-0-1;4.218074;-3.309661
ac23131feb944800b5d02fa5e292e6d0-C3F1H2O3P1-0-1;3.972843;-4.297348
dd955e703d6c0827f99f92d9ec9ddefb-C2F3H4O2P1-0-1;0.068024;-0.950255
ed2aaaf49ed7c7beb9aff5f288bcac16-C2F3H4O2P1-0-1;0.183088;-1.755633
82eb0ed55f3099cfa273cd4a2c22b3f9-C3H3O2P1-0-1;3.887730;-4.370555
778aa819b51f24af08b9500e29ee88f8-C3F2H3O3P1-0-1;1.740859;-2.682444
224f1c1ef0de881ba40b47a8c0e482fb-C3F2H3O3P1-0-1;0.550959;-1.153599
6a749e8aa4b69eaa368d2447ae1be167-C2H1O3P1-0-1;2.448946;-2.801662
936e9e0c9c07a526ac0e8e4178ff7ed9-C2H1O3P1-0-1;3.192390;-3.913931
2b2beeb5c0de15bfe309a1a9166f58bf-C4F3H6O3P1-0-1;-0.006698;-0.819805
3ae7da5ea8451513ecb9a50c5ce58d6e-C4F3H6O3P1-0-1;-0.475432;-1.641944
04929a667d04a50c4640d3e4bc6169ce-C4F3H6O3P1-0-1;3.271250;-4.211225
845e0ebd5c73aedbd5f13374265969af-C4F3H6O3P1-0-1;1.877078;-1.738599
c506165f6cc71a02fcd88568fa86271c-C4F3H6O3P1-0-1;4.556232;-5.022474
1bb2e75cce5131e755ed9eba1c6f763a-C4F4H7O2P1-0-1;4.600744;-5.030816
5a74d769f03b500059d19e7f8772cdd0-C4F4H7O2P1-0-1;3.138416;-3.785491
1555a9ae48f02c7055964e3d8e1027ff-C4F4H7O2P1-0-1;3.447344;-4.193402
06bf74e46db587e6b52d7cfd3d7f32ce-C2F1H4O3P1-0-1;2.623199;-3.209790
97da17e94c50f325d7832b5f8eb42c99-C4F3H6O3P1-0-1;2.631979;-1.648264
333d1e44a799c7e0b3678a352eb68f13-C4F2H7O2P1-0-1;-0.122794;-0.689408
3c7628b0c58ea48032eaafe63ff375fb-C4F2H7O2P1-0-1;2.655381;-3.291423
49a6c47904d5071bf495ef62289c7747-C4H10O2-0-1;-0.336718;0.266764
20a1cb1b939d750d91d02d795b402b61-C6F2H6O4-0-1;2.285952;-4.808303
bf967f866014d1510bcfba7aebca3b2f-F1N1O2S2-0-1;4.760026;-5.238297
09f20ad4010955c45910a3394aa3ce0e-C4F3H8O3P1-0-1;3.208122;-4.091437
4548b7fbbfd9e0216d5dcd9cb437c65b-C3F3H2O4P1-0-1;2.682009;-3.492491
44e6990c1b3c514ecacef0660e0c6423-C3F3H2O4P1-0-1;2.678411;-3.370317
136e064da88dfc20b606f64102678a51-C4F4H5O2P1-0-1;3.878850;-4.944639
5f684626cf2d0adf9ebf421436c7e8ed-C4F4H5O2P1-0-1;4.388131;-5.862085
e047a270f0060f5ca0f7b3611cc3da3c-C4F4H5O2P1-0-1;3.258204;-3.926737
123aa122a965a5d72482b60c4faaeac5-C3F1H2O2P1-0-1;3.953197;-4.428573
e1b3ee6876e218708f14970ee8ce564d-C3F1H2O2P1-0-1;3.923575;-4.389664
ffa722446da2bdce8596e58b0325e77e-C2F1H4O2P1-0-1;2.054329;-2.455721
c639d1597e6b8d3cc788eb0f79519b09-C2F1H4O2P1-0-1;2.231240;-2.827200
9a272b9f71079ea8cb63952bff4d6859-C2F1H4O2P1-0-1;0.093817;-0.962825
d209b7fca40a0075ae08a14ea4e99f9b-C3F1H4O4P1-0-1;2.629765;-3.040956
913a46f02fa940717e1a86f1556fad4e-C4H8O3-0-1;-1.317925;-0.712277
246afdd97110ea78e150fb138cf2ea92-C5H8O2-0-1;2.002350;-2.620939
3aab79c7f56d26cbfa207b305170d3fd-C5H8O2-0-1;0.846341;-1.455803
a59e6c1837d2d64831fe45170e6996c9-C5H8O2-0-1;0.184821;-1.164020
6fda537c573db2e86cfd0066e1b63f0a-C5H8O2-0-1;2.581758;-3.723772
bc2536af65293855a3db8ff8e9cfedb9-C4-0-1;6.429474;-6.564210
e4af80ed7395aef9001d1b170c5c0ec6-C1H2O1-0-1;1.174374;-1.579449
008565e723376b227b96affb399076e4-C2F1H2O1P1-0-1;3.620298;-3.782045
3fcff53f213e649591b379219e598dd1-C2F1H2O1P1-0-1;3.667089;-4.002630
77358f89405e1e92cb317182333fa86f-C2-0-1;7.145386;-7.145389
b812bca53e9edfa5c1a76413b8b52d6e-C3H4O1-0-1;2.592409;-3.234385
2ad1bfb8dc71b8d128bd4661a86028d8-C3H4O1-0-1;-0.316720;-1.067539
f2c30241e2e2273e59b9b15026755415-C3H4O1-0-1;1.780116;-2.226750
eaee414191c3cdd2c729d6b8b60ace1a-C3H4O1-0-1;2.266886;-2.699983
709c5f08f8e9f9dc320f92881c98bb8d-C3H4O1-0-1;0.531282;-1.575736
50119444c444f4e83d5d9eea8eb46bc3-C3H4O1-0-1;2.078056;-2.559083
7d5eb6bbb84fb2e36b80d0e8b74f0d80-C3H4O3-0-1;3.302464;-4.237271
06580be20d403d09f627fe858572c511-C3H4O3-0-1;0.787420;-0.839100
026bac9d6f9da06c0db598e93ffdb069-C3H4O3-0-1;0.302363;-0.997905
f072e9ab7c7364436335ff7aa6bfb44d-C3H4-0-1;0.296570;-1.337803
3913fc4e49ba8d3c3b49ac60272cc307-C3H4-0-1;3.266444;-3.641316
dbcb7576fc44002df96b331d41d85893-C3H4-0-1;-0.829886;-1.040118
d2774c3c7e51ef586311938745c9d719-C3H4-0-1;0.011344;-1.316763
8c11c7f439bc11c00a650118281a8423-C2H2O1-0-1;0.849274;-1.636523
db38b27b8bc203eb8e84f808deccd211-C2H2O1-0-1;0.787772;-1.971133
85a0b2cb7df42b9ce75148d553a5413c-C4F1H5O2-0-1;2.067310;-3.278513
487e38e4c49b1645f4db9f9b058e1a85-C4F1H5O2-0-1;2.644364;-2.927251
b9c881903e8e7af10c9fa7285c546dab-C4F1H5O2-0-1;1.409871;-2.379957
1b30b01ddff3aa438d454e56a45cbb95-C4F1H5O2-0-1;1.096106;-1.549675
b48550501accae491101b12773fb2296-C3H3O4P1-0-1;2.732873;-3.139363
2da908be95a4ca5fb3be510eb469c625-C3F3H6O3P1-0-1;3.190612;-4.011520
55ca6ec8a2cf3efd25a30cc806def00f-C3F1H4O2P1-0-1;3.810640;-4.283048
d3705b2b21d0bbfb9f9f0bafb7060c64-C3F3H4O2P1-0-1;1.294687;-2.060152
f4f2514ef548091fac10596c1eda0a83-C2F1H5-0-1;-0.351233;0.251967
a09bd161f99ef9c01b54cbaf4144cf38-C1F3N1S1-0-1;3.736486;-4.039752
ef1e50212e5f9a09e73d506f901abefe-C2F3H2O3P1-0-1;1.556912;-2.545597
d0493d190d4ed0e739eff2814ce28f04-C3F3O3P1-0-1;2.327890;-2.900361
a636101b3bb07ae1a18cd2d58615cb6e-C3F3O3P1-0-1;0.888709;-2.561967
e9f8d977a4573e522f78d01f77b71008-C6H8O5-0-1;0.635067;-0.907238
b0826e97321191f6134c4c990682c841-C6H8O5-0-1;0.876742;-0.929561
44303505daaf06af4bea6a6880b3e2c2-C6H8O5-0-1;2.073993;-2.726626
94a870ca0bb49bc0f28aeb34c846d3c7-C6H8O5-0-1;3.717091;-4.448887
24623b2b2158cb018e8e05656da96a2c-C4F3H8O2P1-0-1;0.466581;-4.471015
3709938b1042f5f0eb1e484350b5c440-C4F3H8O2P1-0-1;0.217645;-1.434120
3e2da78536092d0bc73cd1fe2bb9d0ff-C1F2H3O2P1-0-1;0.238766;-1.463599
64cdd76288da4cd4db45a8d0965a4ed5-C3H6O1-0-1;0.256509;-0.889812
311eef44ca0634a1e16023369a1c70c2-C4H4O2-0-1;0.589025;-1.850712
da710964f960ef635c7831864c00f442-C4H4O2-0-1;2.897833;-3.309947
7b65e197ad50b0a93820790683e48728-C4H4O2-0-1;1.895882;-2.369471
92c14b2e822aed7a5bc31503ee377483-C4H4O2-0-1;1.952872;-2.899431
856604a3206396048f178fbbb8ab1528-C4H4O2-0-1;0.362030;-1.575595
4da1ee5be66e0b0c393f512788564331-C4H4O2-0-1;2.552549;-2.977435
0d1d75c8d49274281ec6e8b7b195b1bc-C4H4O2-0-1;0.900970;-2.144003
31d1fff2054652f7e691cbd6bfb0a6ff-C4H4O2-0-1;0.846256;-2.092969
9f23037fd8540b07909f70323d7c44b9-C4H4O2-0-1;2.488974;-2.868745
6abdcc8c67947b277e6af1d5ba146a5a-C4H4O2-0-1;0.853780;-1.582655
47f2766ce1d2c727d5c51407754daeef-C4H4O2-0-1;3.183103;-3.807891
80b7cbfe2da14e00b5dcef4df1173a5c-C4H4O2-0-1;3.776106;-4.072835
bfbf9b8228dd679ef518da77c6157f11-C4H4O2-0-1;1.835461;-2.265732
5d40cb3799904b843bf0c9d322623522-C4H4O2-0-1;2.728020;-3.164358
ab108a5daf5a58582a32793c93fc8228-C4O2-0-1;4.209418;-4.425880
de2b1338d888741b40170b6a510e5b55-F1O1P1-0-1;2.674710;-2.927730
5b20bf3c7fd6d56a8c2f86481fc4d61b-C2H3O2P1-0-1;2.297079;-2.677611
08ad803d6147084d826c099a1075f02d-C1O1-0-1;0.722293;-1.059149
9c565f3ebb570f6c48e634f8fcdc99fa-C2H4O2-0-1;0.952209;-1.399939
5e1ee1bacbb4cab2d267e1a2a09e9e44-C2H4O2-0-1;-0.709541;-0.445854
445ae81f0abc0c33c164b93d6050d790-F3P1-0-1;0.601268;-1.982091
af963087bf371c3036e9fa28886708b7-C2F1H1-0-1;0.377178;-2.368192
3b55aecf679a1a6a6a02bde10bf2dc86-C4F1H7O1-0-1;-0.325216;-0.603195
67270c9a9113802536fa59895226efff-C4H8O1-0-1;0.120797;-0.700555
608a852d63f3b4f49956bae07e2b3f8c-O2-0-1;3.934024;-4.480405
dd0f80fa049b9315dcc8619dcd456691-C1F1H2O2P1-0-1;2.236820;-2.901478
77f1b2b9ecd647aa592fe99eea6c12a7-C2F1H3-0-1;2.305391;-2.774760
026d6508bf37cf251bb0523a14289794-C2F1H3-0-1;0.109263;-0.993916
e46dd34a11fd8764dd5df89a238cb0c1-C2H2O3-0-1;2.558185;-3.100848
4fd4eca88b4746a85c49a2ec924ad076-C4F1H5O1-0-1;4.116014;-4.731231
d51b2ba8b3abc455636b457aa8624881-C4F1H5O1-0-1;2.470166;-3.223192
669d18218c5a65be4111e7e54cfabf4c-C4F1H5O1-0-1;2.005868;-2.489568
ce9ba929822d1046826f4eb6a16e7d3d-C4F1H5O1-0-1;-0.052679;-0.822536
4adee762bef56a023f7ba785e0ae3c78-C4F1H5O1-0-1;0.187069;-1.352465
ed5c6fe25b5000d0904487cc91430c03-C4F1H5O1-0-1;0.264517;-4.247451
d8690e8a904412eff5d3f72114c404fc-C4F1H5O1-0-1;2.669959;-2.988493
d6dcd30d93f1e9b6f23abb71db2810c3-C3O3-0-1;4.654096;-5.320091
57311bbaca6db6c4aea47d0a657dca1d-C2F1H3O1-0-1;-0.470200;-1.047099
34762e4f0a628856a19d3d0cfc263fe9-C2F1H3O1-0-1;2.258979;-2.929896
9a4435a9c40da4fefd8f636d2ac3cf88-C1F2S1-0-1;2.192833;-2.964454
9595d8fa8e1dcddb5105d12f20ebe40f-C3O2-0-1;2.453492;-5.198230
ca59b15f7aefab2d49c8c11b6615c290-C1F2-0-1;2.322453;-2.882310
2a388c1f9dc62f9fbac9a6c21f953731-C2F2H2-0-1;-0.002324;-1.188116
f63f9c835239d71494f5de95b4f84e70-C2F1O1P1-0-1;4.671679;-4.972570
089df419ed7c91b59ca2d4fe026c3661-C3H2-0-1;4.166333;-4.251994
77eafc00794f25345e928a654ce7021d-C3H2-0-1;3.962610;-4.010907
dfc867f60c83e93a4dd1f5eb6394c536-C3H2-0-1;1.019750;-1.739563
f042ce2a042dbb48b9d20bb0ad59c396-C4O1-0-1;5.345823;-5.455412
d9535e0927b4e45ca0362a0e9da2f8c5-C1O2-0-1;0.678869;-1.841995
717bb68f76a95d83f831725af11d12bf-C4H4O1-0-1;1.038773;-2.277875
0a385519fdb46414e6b03aee5f5046b6-C4H4O1-0-1;0.818289;-1.604146
df614fd2c582a561f8265c9a763f8029-C4H4O1-0-1;0.642321;-0.984895
34d21e66568aa8000fea1118e704ad8c-C4H4O1-0-1;3.544253;-3.620618
d404b61e927388aef6c12bd8b0a5f193-C4H4O1-0-1;3.963028;-4.053583
96f0ebf9f78c01889f1767da151819ef-C4H4O1-0-1;3.593437;-3.887251
86246cda987d79bef420a20538b9f58d-C4H4O1-0-1;1.607384;-2.154711
fa23fdb99d7369ef92fae66db79c9646-C4H4O1-0-1;2.131015;-2.560525
9eb2988bd2c4c29bc331257730678f58-C4H4O1-0-1;0.789639;-1.814326
8f762fee749beeeae9284d231a27fa81-C4H4O1-0-1;1.738076;-2.486816
3cb51328ce5a796a981172e6c49047d2-C4H4O1-0-1;0.953158;-1.496898
c9378c2b3015c8ea86777ab68e160976-C4H4O1-0-1;1.448347;-2.029295
dad684072d722bc093205e405a3ba53e-C2H3O1P1-0-1;1.647115;-1.925236
77c664eeb5278406e50f4110656abf11-C2H3O1P1-0-1;3.610730;-3.840027
7b49e2b8308c6aca4cea6ad206841e70-C3H6O3-0-1;0.135903;-0.744952
e6fda78e26bde59f3f7b9dd469251c75-C2H2-0-1;-0.367003;-1.287057
b70818472fa2a9ce7a9445f51da53842-C4H4-0-1;3.330069;-3.456061
352c093fd23cdc6610076725c4186609-C4H4-0-1;1.205922;-1.737203
d8dd086cad717e230689723ea8f4d600-C2H4O1-0-1;1.723680;-2.182743
17a19cea6a7365e56c7fb753dc613eed-C2H4O1-0-1;1.692243;-2.601089
f42321c652bedf6fd652e9b0129f9b90-C2H4O1-0-1;-0.267563;-0.587670
7019b6e9d5861ab98b5afd52b3e6b2b4-O2S1-0-1;3.058032;-3.433294
eea5abe87924b73848bbbdd330660e88-C2H4O1-0-1;0.600322;-1.225587
600ebb07b249b7cbfca57c3d9db067aa-C3F1H5O1-0-1;2.172980;-2.781018
2c460dabb27022713f6ef673942553fb-C3F1H5O1-0-1;1.883907;-2.321272
2a7038045e0ffe3518968f79bd496cbd-C2O1-0-1;3.607819;-4.157030
6526f866a7fadcec9362735ba14ceaec-C2O1-0-1;5.494559;-5.660048
8d3efaa4d851690620e0b9623f321f49-C2H2O2-0-1;0.008861;-1.863722
bdff71708378e53bec98bbb3fe4eb1ba-C2H2O2-0-1;1.364348;-2.303221
63769b47845d3137f387e3f82470c1c1-C2H2O2-0-1;2.114468;-3.422452
94475f73a1d56a2569e9bd20f87fcce9-C2H2O2-0-1;2.650090;-3.130853
ec16263886edf512f85f2220e95c56fc-F1N1S1-0-1;3.271338;-3.714115
79062cdbb9ba23fa8889e4308470481e-C1H3O1P1-0-1;3.404973;-3.595593
d27d50d59db302f5c59659367756f95b-C3H4O2-0-1;2.490553;-3.077086
34bc207638fea54ddec67f0dba000f16-C3H4O2-0-1;3.182153;-4.152060
1910c66317a43ac1a84f43717dbf0ae5-C3H4O2-0-1;0.920838;-1.000216
2fa911ba20075e558feaaeba5f735f06-C3H4O2-0-1;1.959640;-2.412614
97bf22fefb34db5d1e8c2c68182b5b54-C3F1H3O2-0-1;0.549816;-1.470535
4cecb3d23331364b36306d3854c4138e-C3F1H3O2-0-1;0.055245;-1.371637
d9b4ba38c9c0d3ff7f6d54d228e9e566-C3F1H3O2-0-1;0.876933;-1.622757
a7edd3047d627321616f873cc83d2e5e-O1S1-0-1;4.383510;-4.566121
53eb1fdbc1f2979b1e1d4130d5ba5230-C1H1O3P1-0-1;3.121378;-4.138866
bbcc38cf2eedd48ebaf4305ecfb486f1-C2F1H4O1P1-0-1;3.444089;-3.648084
f7f9133d8a497a106aa41c1b52ac672a-C3H2O3-0-1;-0.202688;-1.797339
3fb941d50a3516ed67ee46f8c3734696-C3H2O3-0-1;2.835059;-4.056761
a98427e6929735cbbf7041ad27c4e789-C3H2O3-0-1;1.715699;-2.653793
aea0bce2cd3fef5c37faf048e72009db-C3H2O3-0-1;1.306393;-2.330591
755fd53074b2ce97f914e86d67868f47-C3H2O3-0-1;0.017786;-1.188544
b2dca69accb554b099a6457183c3d020-C4H2O1-0-1;1.308310;-2.518029
9656e50e43ddda7361eaee69d531f655-C4H2O1-0-1;4.785503;-4.936138
d8085953de6741ce68ab26767ff39bd6-C4H2O1-0-1;2.371427;-4.039479
139f2b49c8be376cb14db500a3762e95-C4H2O1-0-1;4.124888;-4.264518
d2742e8c94dac6d9f0a981b01592faa6-C4H2O1-0-1;0.596426;-2.115900
2059a08bead111d2aaa444ef43111fac-C4H2O1-0-1;1.497735;-3.071339
7a3b1b8b453a89b7f1eece28e766a0f7-C4H2O1-0-1;3.224805;-4.473071
e9f04108db37fc1f8d7f364fe7f54591-C3F1H3O1-0-1;1.843185;-2.384100
05a3eea09be53c21b3993fb3211c85f0-C3F1H3O1-0-1;2.064173;-2.611079
0913732cc5892b35a63c9dc59f58c51e-C3F1H3O1-0-1;3.199701;-3.715986
8bd924e490bcfea65e8b756b1bfb8893-C3F1H3O1-0-1;2.881993;-3.415265
bf61d7471859b3b633d42da39968ff3c-C3F1H3O1-0-1;2.123739;-2.613516
4221dfc057671ef0d5fb5d0f87b67d55-C3F1H3O1-0-1;2.866944;-2.451477
e55a6daf043edfbcdbbc4f7947bbfc71-C3F1H1O2-0-1;1.058469;-1.765384
bf3aa5108a56a034a6a68caac2498f35-C2F1H1O1-0-1;0.841721;-2.224098
843e4de28f492c3f0d835bce97aebc3d-C2F1H1O1-0-1;1.933170;-2.789341
56b04dd4e0a7a8cfed5d4fa60cf10b48-C2F1H1O1-0-1;3.124737;-4.309616
b32f0759f4878403f30f5df678ffb3c8-C1F2O1S1-0-1;1.987525;-3.091224
146f12ef9aa432ac39565855810d1f38-C2H1O1P1-0-1;4.138382;-2.519055
329b3fd8697ce440ea6c1628cc6df9f5-F1O2P1-0-1;2.353224;-3.959479
2352bf3b4f33dabe6b7671295b2673e0-C3H2O2-0-1;0.799596;-1.053507
4e8e6684a74c3c851aeb4c27c1fcdc02-C3H2O2-0-1;4.333842;-4.523369
ef12501202de07379d9caeb7f220686f-C3H2O2-0-1;2.441747;-2.954855
406cafacf48a7628d38d8e46cd783d02-C3H2O2-0-1;1.468921;-1.828222
384a6b808777c69145ddc061e67fe943-C3O1-0-1;2.949440;-3.454100
08ef2921ab10dd418b8f53a57643fb2b-F1P1-0-1;4.171921;-4.302511
941475dc3544b6163fb267e6867610f8-C3H2O1-0-1;2.677378;-3.017713
884aff4253be4381e697c7aef229d7ae-C3H2O1-0-1;3.377875;-3.603815
05fe1f5c4725fa3ac6722ce4e0dc8f15-C3H2O1-0-1;2.079346;-2.461380
7bbf85d99fbcb4130be624a18fc2aa44-C4H2O2-0-1;3.498839;-3.894728
3d802a4ed9f29b3eeb3c489e4fdda6be-C4H2O2-0-1;0.844237;-1.351571
28030bd04c51e99bdb3a11371ad239cc-C4H2O2-0-1;2.860942;-3.207404
ed2a7363213ac7d8965225b0d1ff7f2b-C4H2O2-0-1;1.143410;-1.669734
eedfc00910bba3c84e88b6b1a210d287-C4H2O2-0-1;2.889691;-3.578043
356c6dcd546ab5a579cd9116b6def069-C4H2O2-0-1;2.714503;-4.042490
ce74317914cb1a834da31fbbe5722320-C4H2O2-0-1;2.475418;-3.288641
3c9b68f5d8dd01a6ba62671d2261c12d-C4H2O2-0-1;2.102257;-3.287215
ae8eef2114f08f7925237c23134866fa-F1N1S2-0-1;3.743145;-4.091541
160d885d28576d91e274f1defce0c389-C1H3O2P1-0-1;2.027750;-2.358971
1c3f5eecc1fb05d7cb13d87345a2cdc6-C1F1H1-0-1;2.930487;-3.256113
04373f67ba12209dc4cb674e15e966cb-C4H6O1-0-1;3.050185;-3.263016
45ec2f77e11a813fd074c55af028ffad-C4H6O1-0-1;0.784710;-1.341336
3b00e16ecf8c4c7ae66cefedc1ec0eb2-C4H6O1-0-1;-0.273962;-0.788973
d925982cbfe76b9f0a3f5c5c5b67723c-C4H6O1-0-1;0.596412;-1.182446
d02791f154fc6140f1633530b3922ba3-C4H6O1-0-1;-0.052820;-1.376679
27b95b5385bfb3ad0a3841da7f6712d8-C4H6O1-0-1;-0.685719;-0.893409
a59b346cd7beb352d5b9bae0658151d7-C2H6O1-0-1;0.403700;-0.493947
a3db9544d034c691cbc60faa12755e71-C2H6O1-0-1;0.003123;-0.025819
7bf5519e5982924121186547eaf5d649-C4H8O2-0-1;0.165682;-0.935392
c0a13cb44784464a401b3028b3b5869d-C4H8O2-0-1;0.665528;-1.273259
02e13eb9623710b55d20c36768c4bd9d-C4H8O2-0-1;2.239917;-2.946348
c686e9e23fc75f07b4bd59c858545550-C4H8O2-0-1;2.842293;-3.607921
84ac55e3ad863f76a68984ab7b64ff26-C4H8O2-0-1;-0.456328;-0.453905
f92b9a6ed7e1114a9b4fc807be6de284-C4H8O2-0-1;0.544293;-1.224140
0af1d0155d7207c806d7d5e78e18bece-C2F1H3O2-0-1;1.256360;-1.870759
f1220d1f66a012560b6d7b7cc0c7fd6f-C2F1H3O2-0-1;2.227771;-3.233539
d007f8ebbf7675fb135fc14956eb395b-C2F1H3O2-0-1;0.389027;-1.695487
f1df0b6638cbfa57107ca92f4cfc1a7b-C4H6O2-0-1;2.131925;-3.745663
f1d587942678f6938595d6db7fa9c2e8-C4H6O2-0-1;0.048107;-0.885892
122d7a8c12bfd909977f17fb54bf5af4-C4H6O2-0-1;0.710380;-1.323206
f63aa0e41fd871081eba5014a59d5b87-C4H6O2-0-1;1.093199;-1.522127
15e82ffb96026ba438c9a594ee12c388-C4H6O2-0-1;2.027660;-2.656198
51baaa178735ebe9393248615911e892-C4H6O2-0-1;0.774187;-1.009686
5b874a641ebc121894720adf0e054ed7-C4H6O2-0-1;1.680162;-2.190860
f58f7ccea34a03ace606a6fd63af6b21-C4H6O2-0-1;2.458911;-3.027403
941151a043d36f390ccb03571373f9ad-C4H6O2-0-1;0.466025;-1.650047
ab8258a112dca63a09ebe1f4f225758a-C4H6O2-0-1;0.852242;-1.492445
6f558cd3ef2a8bfb682a3477ee20c9b4-C4H6O2-0-1;0.787341;-1.963026
9bc564a7ce92ad9a12b907122d4435b2-C4H6O2-0-1;0.824678;-1.420957
cf215a47ecba16f4b1796be7b6d4bafe-F2H1O1P1-0-1;0.685150;-0.888927
538e8059ad5ccd51e316f1d85d318683-C4H2-0-1;0.993538;-1.878249
beebe803fd6de3ac87ed838a4d8d6ff3-C4H2-0-1;3.915521;-2.149314
a99e892f8740e416eab9c9abaefc8334-H1O2P1-0-1;2.167367;-2.476632
17803bdcdac2136091857ecd4da57350-C1H3O3P1-0-1;1.665148;-3.171695
4ee2c58d616283263e1a276b35e7a267-C3H6O2-0-1;3.206582;-3.703959
98d7f5bb7626f9e7c27692b1b37749c4-C3H6O2-0-1;0.546140;-1.246923
ac8e8ba99e1867ad472f3a9f585ad7ae-C3H6-0-1;0.007049;-0.637888
a6d449700787155e9836404e03f5a41c-C2H5O2P1-0-1;3.015228;-3.563564
7e3a2b19a5af30ab0981eacd78038857-C1F1H1O1-0-1;1.461722;-2.081820
b6fe479487a04352d702164756d6d0ac-C1F1H1O1-0-1;0.715042;-1.733512
6d258c73cf11fae93d4d3816af0290e8-F1N1O1S1-0-1;2.018515;-4.928336
133004eb20f26ef002a92f06abee41ca-C2F1H1O2-0-1;2.758016;-3.322553
799e73273a32c13492ae5ba5a010993d-C2F1H1O2-0-1;2.454409;-3.614406
e473ee39de591ff8cac6ea1f47a0b34b-C2F1H1O2-0-1;1.801811;-2.832428
366cdd57a062ca777e3bf29de84d24a8-C2H1O2P1-0-1;3.630348;-3.827783
baf894588b8d74d033c90149bda9e473-C4H6-0-1;1.077191;-1.555109
bd9b37b2515625b8ce57eb1a55ccf49f-C4H4O4-0-1;0.518628;-1.233632
1fc65468e969ed0cd3847a1197d120d5-C5H8O3-0-1;0.723127;-1.309960
1a215994cacd2d069dd3bcecf83afb79-C5H8O3-0-1;1.694297;-2.504226
b7259c5fa131a846cc431c9cf5fbde76-C5H8O3-0-1;0.221884;-0.925540
b5838f64215417f1c3804cff939a3900-C5H8O3-0-1;2.858493;-3.730738
dfd9a0f6874b88ecc7fef406b4956d90-C5H8O3-0-1;0.134380;-0.731967
081d558fc5b077fbd576acd7ecacbfb0-C6H8O4-0-1;3.683114;-4.421532
263028ed45faf4d76e960a16cc9958ee-C5H10O2-0-1;0.532531;-1.200556
371cebb7237ba0efe137a66acc7dfaba-C4H4O5-0-1;0.976429;-1.212261
b04430ea9543ecf6ec8abfd54b403d71-C5H8O4-0-1;0.722584;-1.313967
3a24d341460bdb2d66f5602053084449-C6H10O4-0-1;-0.178681;-1.220554
b01f452401e105d1b53e5d9a8e2ab475-C4H2O5-0-1;1.432373;-2.687966
5c41cb65f21d8b65368c66bd132914ac-C5H10O3-0-1;0.107577;-0.686559
