MolId;Ionization potential (eV);Oxidation free energy (eV)
6e387ff667eac339765e20c257db14a9-C4F1H8O2P1-0-1;3.496695;3.500465
6e184145e0a3d59cf41deb7a48736e1a-C4F1H8O2P1-0-1;5.024186;4.858813
82453decb15fa86619f405c2255afd24-F1N1O3S2-0-1;9.253000;9.730671
c01bdfc12dd37e8f9b75769be4ff7135-C6H10O6-0-1;9.452292;8.193850
13fde7cb21aa0bae798661910af042f9-C5F2H6O3-0-1;7.075598;6.257066
9a80e7d3b8cba52608bfe53c2b6db0ac-C3F3H2O2P1-0-1;7.404212;6.774019
7effebabf4adbd155b4aac995e62d37b-C5F2H6O3-0-1;6.711930;5.995632
2c96eb4288d63b2a9437ddd4172e67f3-H2O1-0-1;9.709358;9.495901
eefdfcd29fba955b8e8691b85f4badd3-C3F1H4O3P1-0-1;7.288110;6.116099
620346cfe2e5fd708d38ad59137e7e65-C3F1H4O3P1-0-1;5.524593;5.220337
05178f156d01553929413f706874b78a-C2F1O2P1-0-1;5.981738;5.774130
6d3cb14458ca8bd6d2815732a5844caa-C2F1O2P1-0-1;7.931065;7.287778
91c8d2920d7fae87132a81b95c07dd4a-C2F1O2P1-0-1;7.331582;7.069764
0ab022f73af45db70b5abc61e7cc5bc6-C3H1O2P1-0-1;5.759662;5.418308
796506dbd3f3230e3d246a59ef72ecb3-C3F2H3O4P1-0-1;7.720061;7.454721
a3b8cb94733e47a4966a08138fd78064-C2H6O2-0-1;8.228269;7.013445
96b8af3838777f9f3e6b972d5aa3a84f-C4F1H8O3P1-0-1;8.371394;7.506829
5e15a57678ef5b22d37ef6cc5dbda8a3-C4F1H8O3P1-0-1;5.928140;5.224473
84a635271c4fddb04b12de734b6e0350-C4F1H8O3P1-0-1;4.394422;4.236806
82e454f28d45cd2eaf051cbfb3804793-C4F1H8O3P1-0-1;3.660518;3.207009
eab256ea76e458e90d49eaa61c4423a4-C3H2O4-0-1;7.130058;6.443408
58bf453b2da0fa442f8213e43d1fcb28-C3H2O4-0-1;7.614148;6.842255
28db6a82af56b90b126446758dd96749-C4H6O3-0-1;6.597026;5.706547
2a523d412b04d31a1160fdb5962b3724-C4H6O3-0-1;4.663668;3.800179
7daa5fbb02de5e72b0368d31249f24e5-C4H6O3-0-1;7.247896;6.802940
8e12f0e9d0bcddddc5919ed33f643e1e-C3F2H1O3P1-0-1;5.774423;5.150287
20aa5b08677c6496f350080e4d039a60-C3F1H6O3P1-0-1;3.862049;2.982550
0184135e4f900328a3c661dd5600d9a8-C3H6O4-0-1;8.353898;7.883913
bb7fccf8e480fc83a39edf4843d93c6c-C2F3H2O2P1-0-1;7.301580;6.473021
b7f4432b69c68f4865160e1bdad6ef9a-C2F3H2O2P1-0-1;7.563863;6.881873
73d82496d43b06e56f25c4a0d106f468-C2F3H2O2P1-0-1;7.845036;7.216842
390b4ebf4b758be7382327cd87d28e99-C5F1H7O2-0-1;4.685543;3.930487
0d40ed1ae2549562537c4d2ef026dc32-C2F3H2O1P1-0-1;6.677735;5.860437
f5c0d32cb4243e77b18ae286bc39a8db-C2F3H2O1P1-0-1;7.328799;6.702114
31ebd083e3d73bfad23b4361f9fb48e6-C2F2H3O2P1-0-1;7.726288;7.248042
079282e8951ef25043cc187a1eeeba61-C3F3H2O3P1-0-1;7.525890;6.903476
3c248ee85a538adb3b04a15c91ad0bfd-C3F2H5O2P1-0-1;6.431718;5.830159
956a458d86d5a327087383cc45d2429c-C2F3H4O1P1-0-1;8.322523;7.492362
b0626fbc4250f17418f086afc0c04c88-C6F2H6O5-0-1;6.942731;6.261883
6afc8b87d2decd8d32bf667ccaab0be2-C6F2H6O5-0-1;6.576975;6.010804
db3b5309b96fef654ff39e1c4277f277-C3F1O2P1-0-1;8.719564;6.665716
a3aec91fc4c5258bc56344e921ff3e93-C4F3H6O2P1-0-1;6.837527;5.910324
fc731b7e2ac2b605df35e96e8b399b60-C4F3H6O2P1-0-1;6.720215;5.880677
59b4374c1833abf195a8a9803de080d5-C4F3H6O2P1-0-1;6.608157;5.983687
2b5a6c235e3f51a6f43ac533253cd165-C4F3H6O2P1-0-1;6.123721;5.076926
63bc2536bdd693b139805f016e5af60a-C4F3H6O2P1-0-1;6.495242;5.778747
0a9c070d174be308780714f4382ea3f3-C4F3H6O2P1-0-1;7.121111;6.508884
67ad0b3efe8f5d2ec4f72bc8187f179b-C3F1O3P1-0-1;6.700289;6.393478
ac6fcf62cb6e30142dd0bdbff7f2fd11-C3F1O3P1-0-1;5.768969;5.544465
d17ad8c007a93456b5bf7857216292ea-C3F2H5O3P1-0-1;6.494370;5.830785
92e536266b92af9c064e48eaa7ac26b0-C3F3H4O3P1-0-1;6.596759;5.958092
43f8252d83847dfaaf3ab6c2c77ca6d0-C3F3H4O3P1-0-1;7.891273;6.884038
88556cbbe62e7dbea3e0083231abde30-C3F3H4O3P1-0-1;6.516232;6.613420
d38b7fab6a8f640c8e3659db568bd2b1-C3F1H1O3-0-1;7.458784;6.994114
8d243794e8cd04e8c7b6efba19f119f0-C3F1H1O3-0-1;6.835959;6.118092
09aa54d153627b2ccca466948039c9a7-C3F2H3O2P1-0-1;7.481762;6.976114
8a8d5e092c1554b7a50056f85c9fba1a-C2F2H1O1P1-0-1;7.905347;7.375710
3d9837c36dd14ed9e25623a7d6fe7a7d-C2F2H1O1P1-0-1;6.977881;5.844092
44f0e182e5501acaf1eaf07098040a8b-F1N1O1S2-0-1;7.392444;7.095339
89021f982c3184bcbb1fef5eef9e6779-C5F1H7O3-0-1;6.564839;5.855074
ac511fb7ddcc82bc116b10460f810617-C2F2H1O4P1-0-1;7.460014;6.542672
48520374534fbf55c5079c48d5271d75-C1F2H1O2P1-0-1;7.471985;6.532484
d9ceb9b7ed76d1fa42d9fa458d30d0e0-C3F1O4P1-0-1;6.916064;6.539694
223fe308ef4ad013168804f44e01acec-C3F1O4P1-0-1;8.126252;7.524563
b0f13dcf5a68ddbc4d962cd040cf83fb-C5F2H6O2-0-1;4.881136;4.065816
e7093972202fe91d98ae41e78912f397-C2F2H1O2P1-0-1;8.317801;7.891238
8d81e9dbbf2892594400fa6964089385-C2F2H1O2P1-0-1;7.030830;6.349930
2e35e66ce343dedffd619c98420f83cc-C2F2H1O2P1-0-1;6.951639;6.046910
1be51dbe1efa6d1c664221f811e57f9f-C2F1H2O2P1-0-1;7.513639;6.858918
d8f2605de501a7b204d3ab3f48f2758d-C2F1H2O2P1-0-1;6.672494;5.721266
712e795618e0acbdd0c4b57a53551e0a-C2H3O3P1-0-1;7.907492;7.674424
c7f552cb999a7ce124c18bd0725210fe-C2F2H1O3P1-0-1;7.391496;6.753676
be4f0f90e01062df9189f824ca607fd3-C2F2H1O3P1-0-1;7.506634;6.779751
70419a2a17e6a5fd24a81a9156bb713d-C4F4H7O3P1-0-1;3.861650;3.045172
c3f9f22ce28b83bb6492f32b439bc138-C3F3O4P1-0-1;8.305716;7.802082
935ab72749fc46385c6efadb4a3659cf-C3F1H3O3-0-1;9.534149;8.757717
3c79b65d20f3023daefe4349b75b936d-C4F1H3O5-0-1;7.505246;6.698119
dc3af32f0ebff3aabc993e46eecf9c12-C2F2H3O1P1-0-1;8.812292;6.855691
571bceae46fb809b0f9afa74166cc098-F3O1P1-0-1;10.727476;9.821992
14ecbf9adffeab91c43accfd325fddc4-C4H4O6-0-1;7.206017;6.553836
77e36ea5825316cb2ce160bb69df140e-C4H4O6-0-1;7.210934;6.290535
8a5050e998b7b28682f72b317573f938-C4H4O6-0-1;7.276938;6.538204
82578fc54f1b73dbc927161288404fcf-C4F2H7O3P1-0-1;7.944119;6.986680
f9a8716ff8cf3d1944526f62e864b488-C4F2H7O3P1-0-1;3.860469;3.089279
ea8d5c1a8759d8ff3368cfac6e8d58bd-C4F2H7O3P1-0-1;5.972921;5.278367
419d46397555f67fc2e923ed4a98c18d-C4F2H7O3P1-0-1;6.586655;6.289240
5cda00256bc78e492ac7cd5328fa32e5-C6H8O6-0-1;7.115031;6.592507
14087bb55f635f76e12b515c4caab80f-C6H8O6-0-1;6.713249;5.868825
60622cd678e3e23579c8ea21ccdcd939-C6H8O6-0-1;6.783006;6.483888
2d83ec2708a54987ba5f21a518c2025c-C4F4H5O3P1-0-1;6.531656;5.761953
aa6cf6f2f061f54b089a5e2740c5738c-C4F4H5O3P1-0-1;5.236114;4.600601
8fcf6da3917e28613ae02746eb4413ed-C4F4H5O3P1-0-1;5.755541;4.950720
42c1f80fccf1c7cd705908378384f551-C4F4H5O3P1-0-1;6.684826;6.480631
908e70f5f0342915fd78ed3b98289086-C4F4H5O3P1-0-1;7.243338;5.786892
7983f518ec5f0e8d6ce067a43780ccd2-C4F4H5O3P1-0-1;7.111330;6.267852
691ec7ecaddf547e284a85d6057b5da1-C2F3O1P1-0-1;7.865007;7.276420
0a520d0e09c071cab5ba79f842785136-F2H1O2P1-0-1;10.294423;9.336634
bea9f8f92f17ce7b21d77ac7b2ab96de-C3H4O4-0-1;6.934154;6.110060
afe6a2932a4dadd9ffbafd0f618c2197-C3H4O4-0-1;6.720312;6.092137
578515426dfd7d00ce4f8feeb5e7dc72-C3H4O4-0-1;7.186648;6.486700
7fa3376c2653bf2b400a3716928564a8-C4F1H7O2-0-1;4.903886;4.986103
0d5b5afbc48149f2a157ada863e3b093-C4F1H7O2-0-1;7.764477;7.118882
dc9d1683439687356a04502031ecf779-C3H3O3P1-0-1;5.569936;5.299178
7bd57fea6c57e333f47b8062ceeea609-C3H3O3P1-0-1;7.352378;6.790915
6ecda3f5fc589415cdee44cf5cf40122-C3H1O3P1-0-1;5.782994;5.564621
cfd5075ae4fc772d2f2b95b41c4e8035-C2F3O2P1-0-1;8.274308;7.780666
2881971a29bc414c0a79cf1a019df7d8-C6H10O5-0-1;6.950751;6.188684
78d898a1a2131b55b8d4ce9c4fb514fa-C1F1H2O3P1-0-1;9.059366;8.435282
1548e6e969e6678853e16a9d3b891995-C3F3H6O2P1-0-1;6.101412;5.046610
9b0a84f6bcd49a0e426f3992c5435d4e-C3F1H6O2P1-0-1;3.524977;3.941455
6040c3b4c4bc1f39915dd6ae10f38081-C1F3N1O2S2-0-1;7.743385;7.209378
c4fb0d278453fb0bae00d353e83bedd6-C1F3N1S2-0-1;6.892623;6.496647
7ff8e52a1d90eec55fd84c181ec7c6ff-C3F1H2O3P1-0-1;7.459662;6.593894
0cb31ae070376b2df1705bc872f553f1-C3F1H2O3P1-0-1;5.592947;5.327026
4d9e4ba7f6274b1c33a7cde73ab7fea4-C3F1H2O3P1-0-1;5.806643;5.525257
ac23131feb944800b5d02fa5e292e6d0-C3F1H2O3P1-0-1;5.575980;5.328909
dd955e703d6c0827f99f92d9ec9ddefb-C2F3H4O2P1-0-1;7.118963;6.555035
ed2aaaf49ed7c7beb9aff5f288bcac16-C2F3H4O2P1-0-1;9.800501;9.025648
82eb0ed55f3099cfa273cd4a2c22b3f9-C3H3O2P1-0-1;5.413212;5.060783
778aa819b51f24af08b9500e29ee88f8-C3F2H3O3P1-0-1;7.979817;7.281309
224f1c1ef0de881ba40b47a8c0e482fb-C3F2H3O3P1-0-1;9.150393;6.994383
6a749e8aa4b69eaa368d2447ae1be167-C2H1O3P1-0-1;7.058950;6.333198
936e9e0c9c07a526ac0e8e4178ff7ed9-C2H1O3P1-0-1;6.994915;6.003503
2b2beeb5c0de15bfe309a1a9166f58bf-C4F3H6O3P1-0-1;6.366326;5.794055
3ae7da5ea8451513ecb9a50c5ce58d6e-C4F3H6O3P1-0-1;6.676743;6.122875
04929a667d04a50c4640d3e4bc6169ce-C4F3H6O3P1-0-1;4.636051;4.074403
845e0ebd5c73aedbd5f13374265969af-C4F3H6O3P1-0-1;6.644909;6.002064
c506165f6cc71a02fcd88568fa86271c-C4F3H6O3P1-0-1;5.715226;4.934549
1bb2e75cce5131e755ed9eba1c6f763a-C4F4H7O2P1-0-1;5.956718;4.846326
5a74d769f03b500059d19e7f8772cdd0-C4F4H7O2P1-0-1;6.335277;5.245987
1555a9ae48f02c7055964e3d8e1027ff-C4F4H7O2P1-0-1;6.117453;5.049746
06bf74e46db587e6b52d7cfd3d7f32ce-C2F1H4O3P1-0-1;7.139348;6.119524
97da17e94c50f325d7832b5f8eb42c99-C4F3H6O3P1-0-1;7.147675;6.545525
333d1e44a799c7e0b3678a352eb68f13-C4F2H7O2P1-0-1;6.534889;6.281520
3c7628b0c58ea48032eaafe63ff375fb-C4F2H7O2P1-0-1;4.615061;4.479251
49a6c47904d5071bf495ef62289c7747-C4H10O2-0-1;8.420626;7.340719
20a1cb1b939d750d91d02d795b402b61-C6F2H6O4-0-1;4.628769;3.979024
bf967f866014d1510bcfba7aebca3b2f-F1N1O2S2-0-1;7.835538;7.349567
09f20ad4010955c45910a3394aa3ce0e-C4F3H8O3P1-0-1;3.662282;3.194809
4548b7fbbfd9e0216d5dcd9cb437c65b-C3F3H2O4P1-0-1;7.566735;6.607063
44e6990c1b3c514ecacef0660e0c6423-C3F3H2O4P1-0-1;7.541655;7.053879
136e064da88dfc20b606f64102678a51-C4F4H5O2P1-0-1;6.163034;5.110038
5f684626cf2d0adf9ebf421436c7e8ed-C4F4H5O2P1-0-1;6.085574;5.016035
e047a270f0060f5ca0f7b3611cc3da3c-C4F4H5O2P1-0-1;7.877225;5.256159
123aa122a965a5d72482b60c4faaeac5-C3F1H2O2P1-0-1;5.469824;5.134484
e1b3ee6876e218708f14970ee8ce564d-C3F1H2O2P1-0-1;5.444026;5.084883
ffa722446da2bdce8596e58b0325e77e-C2F1H4O2P1-0-1;8.357911;7.679271
c639d1597e6b8d3cc788eb0f79519b09-C2F1H4O2P1-0-1;6.647160;5.465597
9a272b9f71079ea8cb63952bff4d6859-C2F1H4O2P1-0-1;8.323785;6.565952
d209b7fca40a0075ae08a14ea4e99f9b-C3F1H4O4P1-0-1;8.834232;8.349810
913a46f02fa940717e1a86f1556fad4e-C4H8O3-0-1;8.899387;8.146998
246afdd97110ea78e150fb138cf2ea92-C5H8O2-0-1;6.420491;6.441043
3aab79c7f56d26cbfa207b305170d3fd-C5H8O2-0-1;6.976525;6.118959
a59e6c1837d2d64831fe45170e6996c9-C5H8O2-0-1;6.891907;6.877936
6fda537c573db2e86cfd0066e1b63f0a-C5H8O2-0-1;3.658872;3.461373
bc2536af65293855a3db8ff8e9cfedb9-C4-0-1;7.926040;7.730510
e4af80ed7395aef9001d1b170c5c0ec6-C1H2O1-0-1;7.757191;7.645802
008565e723376b227b96affb399076e4-C2F1H2O1P1-0-1;5.165103;5.007593
3fcff53f213e649591b379219e598dd1-C2F1H2O1P1-0-1;5.215298;4.990566
77358f89405e1e92cb317182333fa86f-C2-0-1;9.281385;9.124662
b812bca53e9edfa5c1a76413b8b52d6e-C3H4O1-0-1;6.296971;5.577824
2ad1bfb8dc71b8d128bd4661a86028d8-C3H4O1-0-1;7.798150;7.517648
f2c30241e2e2273e59b9b15026755415-C3H4O1-0-1;7.476123;7.635511
eaee414191c3cdd2c729d6b8b60ace1a-C3H4O1-0-1;6.208999;5.590549
709c5f08f8e9f9dc320f92881c98bb8d-C3H4O1-0-1;6.463611;6.172361
50119444c444f4e83d5d9eea8eb46bc3-C3H4O1-0-1;6.503619;5.827906
7d5eb6bbb84fb2e36b80d0e8b74f0d80-C3H4O3-0-1;4.903295;3.988006
06580be20d403d09f627fe858572c511-C3H4O3-0-1;7.135494;6.102409
026bac9d6f9da06c0db598e93ffdb069-C3H4O3-0-1;7.369575;6.923308
f072e9ab7c7364436335ff7aa6bfb44d-C3H4-0-1;7.000717;6.596791
3913fc4e49ba8d3c3b49ac60272cc307-C3H4-0-1;5.976371;5.369628
dbcb7576fc44002df96b331d41d85893-C3H4-0-1;7.695634;7.451983
d2774c3c7e51ef586311938745c9d719-C3H4-0-1;7.407013;6.767389
8c11c7f439bc11c00a650118281a8423-C2H2O1-0-1;7.441597;7.227978
db38b27b8bc203eb8e84f808deccd211-C2H2O1-0-1;6.856847;6.695883
85a0b2cb7df42b9ce75148d553a5413c-C4F1H5O2-0-1;6.567322;6.054523
487e38e4c49b1645f4db9f9b058e1a85-C4F1H5O2-0-1;7.162831;7.202655
b9c881903e8e7af10c9fa7285c546dab-C4F1H5O2-0-1;6.597641;5.792767
1b30b01ddff3aa438d454e56a45cbb95-C4F1H5O2-0-1;6.708491;6.165540
b48550501accae491101b12773fb2296-C3H3O4P1-0-1;7.612238;6.971384
2da908be95a4ca5fb3be510eb469c625-C3F3H6O3P1-0-1;3.857986;2.941924
55ca6ec8a2cf3efd25a30cc806def00f-C3F1H4O2P1-0-1;5.345272;4.988141
d3705b2b21d0bbfb9f9f0bafb7060c64-C3F3H4O2P1-0-1;7.388368;6.332917
f4f2514ef548091fac10596c1eda0a83-C2F1H5-0-1;9.415857;8.450225
a09bd161f99ef9c01b54cbaf4144cf38-C1F3N1S1-0-1;7.768938;7.340501
ef1e50212e5f9a09e73d506f901abefe-C2F3H2O3P1-0-1;6.936689;6.088159
d0493d190d4ed0e739eff2814ce28f04-C3F3O3P1-0-1;8.503295;8.091307
a636101b3bb07ae1a18cd2d58615cb6e-C3F3O3P1-0-1;8.104096;7.540459
e9f8d977a4573e522f78d01f77b71008-C6H8O5-0-1;6.969061;6.507460
b0826e97321191f6134c4c990682c841-C6H8O5-0-1;7.203481;6.585125
44303505daaf06af4bea6a6880b3e2c2-C6H8O5-0-1;6.707607;5.859318
94a870ca0bb49bc0f28aeb34c846d3c7-C6H8O5-0-1;4.534704;3.859385
24623b2b2158cb018e8e05656da96a2c-C4F3H8O2P1-0-1;6.064785;5.005287
3709938b1042f5f0eb1e484350b5c440-C4F3H8O2P1-0-1;8.626484;7.481142
3e2da78536092d0bc73cd1fe2bb9d0ff-C1F2H3O2P1-0-1;9.793672;9.019674
64cdd76288da4cd4db45a8d0965a4ed5-C3H6O1-0-1;7.377665;6.799634
311eef44ca0634a1e16023369a1c70c2-C4H4O2-0-1;5.627713;5.343704
da710964f960ef635c7831864c00f442-C4H4O2-0-1;5.958857;5.448790
7b65e197ad50b0a93820790683e48728-C4H4O2-0-1;8.140295;7.774486
92c14b2e822aed7a5bc31503ee377483-C4H4O2-0-1;5.998551;5.382271
856604a3206396048f178fbbb8ab1528-C4H4O2-0-1;6.197506;5.687703
4da1ee5be66e0b0c393f512788564331-C4H4O2-0-1;6.572093;6.264395
0d1d75c8d49274281ec6e8b7b195b1bc-C4H4O2-0-1;5.528131;5.256133
31d1fff2054652f7e691cbd6bfb0a6ff-C4H4O2-0-1;6.696440;6.412073
9f23037fd8540b07909f70323d7c44b9-C4H4O2-0-1;6.536112;5.792806
6abdcc8c67947b277e6af1d5ba146a5a-C4H4O2-0-1;7.178208;6.842049
47f2766ce1d2c727d5c51407754daeef-C4H4O2-0-1;6.914785;6.248111
80b7cbfe2da14e00b5dcef4df1173a5c-C4H4O2-0-1;5.164108;5.019239
bfbf9b8228dd679ef518da77c6157f11-C4H4O2-0-1;6.868260;6.523648
5d40cb3799904b843bf0c9d322623522-C4H4O2-0-1;8.223185;7.944111
ab108a5daf5a58582a32793c93fc8228-C4O2-0-1;6.079192;5.885496
de2b1338d888741b40170b6a510e5b55-F1O1P1-0-1;9.260947;9.024769
5b20bf3c7fd6d56a8c2f86481fc4d61b-C2H3O2P1-0-1;7.600180;6.818562
08ad803d6147084d826c099a1075f02d-C1O1-0-1;11.058845;11.048400
9c565f3ebb570f6c48e634f8fcdc99fa-C2H4O2-0-1;7.585191;7.184210
5e1ee1bacbb4cab2d267e1a2a09e9e44-C2H4O2-0-1;5.945637;5.561649
445ae81f0abc0c33c164b93d6050d790-F3P1-0-1;9.216239;8.432495
af963087bf371c3036e9fa28886708b7-C2F1H1-0-1;8.270696;8.068445
3b55aecf679a1a6a6a02bde10bf2dc86-C4F1H7O1-0-1;6.642441;6.255315
67270c9a9113802536fa59895226efff-C4H8O1-0-1;7.177824;6.803167
608a852d63f3b4f49956bae07e2b3f8c-O2-0-1;8.526639;8.073894
dd0f80fa049b9315dcc8619dcd456691-C1F1H2O2P1-0-1;6.584145;5.537466
77f1b2b9ecd647aa592fe99eea6c12a7-C2F1H3-0-1;6.826761;6.161505
026d6508bf37cf251bb0523a14289794-C2F1H3-0-1;7.498348;7.171938
e46dd34a11fd8764dd5df89a238cb0c1-C2H2O3-0-1;7.100070;6.128539
4fd4eca88b4746a85c49a2ec924ad076-C4F1H5O1-0-1;4.940416;4.214147
d51b2ba8b3abc455636b457aa8624881-C4F1H5O1-0-1;6.348208;5.401968
669d18218c5a65be4111e7e54cfabf4c-C4F1H5O1-0-1;6.668410;6.012892
ce9ba929822d1046826f4eb6a16e7d3d-C4F1H5O1-0-1;6.740676;6.122175
4adee762bef56a023f7ba785e0ae3c78-C4F1H5O1-0-1;7.242684;6.972906
ed5c6fe25b5000d0904487cc91430c03-C4F1H5O1-0-1;5.767741;5.162921
d8690e8a904412eff5d3f72114c404fc-C4F1H5O1-0-1;7.215700;6.534291
d6dcd30d93f1e9b6f23abb71db2810c3-C3O3-0-1;7.813162;7.380914
57311bbaca6db6c4aea47d0a657dca1d-C2F1H3O1-0-1;6.864864;6.547122
34762e4f0a628856a19d3d0cfc263fe9-C2F1H3O1-0-1;7.067377;6.432280
9a4435a9c40da4fefd8f636d2ac3cf88-C1F2S1-0-1;8.095003;7.854696
9595d8fa8e1dcddb5105d12f20ebe40f-C3O2-0-1;7.699246;7.465793
ca59b15f7aefab2d49c8c11b6615c290-C1F2-0-1;8.975585;8.216169
2a388c1f9dc62f9fbac9a6c21f953731-C2F2H2-0-1;7.410819;6.978217
f63f9c835239d71494f5de95b4f84e70-C2F1O1P1-0-1;7.161945;6.908863
089df419ed7c91b59ca2d4fe026c3661-C3H2-0-1;7.668368;7.508302
77eafc00794f25345e928a654ce7021d-C3H2-0-1;6.401382;5.861396
dfc867f60c83e93a4dd1f5eb6394c536-C3H2-0-1;6.824685;6.551781
f042ce2a042dbb48b9d20bb0ad59c396-C4O1-0-1;7.013550;6.822904
d9535e0927b4e45ca0362a0e9da2f8c5-C1O2-0-1;11.221582;11.060807
717bb68f76a95d83f831725af11d12bf-C4H4O1-0-1;6.042129;5.815467
0a385519fdb46414e6b03aee5f5046b6-C4H4O1-0-1;6.754137;6.452087
df614fd2c582a561f8265c9a763f8029-C4H4O1-0-1;6.360382;7.739689
34d21e66568aa8000fea1118e704ad8c-C4H4O1-0-1;6.210899;5.571248
d404b61e927388aef6c12bd8b0a5f193-C4H4O1-0-1;7.583506;7.386247
96f0ebf9f78c01889f1767da151819ef-C4H4O1-0-1;6.352457;5.810533
86246cda987d79bef420a20538b9f58d-C4H4O1-0-1;7.841837;7.159582
fa23fdb99d7369ef92fae66db79c9646-C4H4O1-0-1;6.226226;5.566000
9eb2988bd2c4c29bc331257730678f58-C4H4O1-0-1;6.490580;6.271287
8f762fee749beeeae9284d231a27fa81-C4H4O1-0-1;5.076186;4.947136
3cb51328ce5a796a981172e6c49047d2-C4H4O1-0-1;7.702249;7.444235
c9378c2b3015c8ea86777ab68e160976-C4H4O1-0-1;6.119100;5.866576
dad684072d722bc093205e405a3ba53e-C2H3O1P1-0-1;6.601387;6.326842
77c664eeb5278406e50f4110656abf11-C2H3O1P1-0-1;5.111722;4.960995
7b49e2b8308c6aca4cea6ad206841e70-C3H6O3-0-1;9.069093;8.241528
e6fda78e26bde59f3f7b9dd469251c75-C2H2-0-1;8.311690;8.193367
b70818472fa2a9ce7a9445f51da53842-C4H4-0-1;5.874819;5.248591
352c093fd23cdc6610076725c4186609-C4H4-0-1;7.035823;6.828968
d8dd086cad717e230689723ea8f4d600-C2H4O1-0-1;6.304868;5.684799
17a19cea6a7365e56c7fb753dc613eed-C2H4O1-0-1;4.554671;4.537693
f42321c652bedf6fd652e9b0129f9b90-C2H4O1-0-1;6.671876;6.376889
7019b6e9d5861ab98b5afd52b3e6b2b4-O2S1-0-1;10.167826;9.965825
eea5abe87924b73848bbbdd330660e88-C2H4O1-0-1;7.459639;7.340443
600ebb07b249b7cbfca57c3d9db067aa-C3F1H5O1-0-1;4.963168;4.716238
2c460dabb27022713f6ef673942553fb-C3F1H5O1-0-1;6.430309;5.758220
2a7038045e0ffe3518968f79bd496cbd-C2O1-0-1;8.662738;8.406646
6526f866a7fadcec9362735ba14ceaec-C2O1-0-1;7.634089;7.245821
8d3efaa4d851690620e0b9623f321f49-C2H2O2-0-1;7.191683;6.456259
bdff71708378e53bec98bbb3fe4eb1ba-C2H2O2-0-1;6.661942;5.894686
63769b47845d3137f387e3f82470c1c1-C2H2O2-0-1;6.862785;6.382438
94475f73a1d56a2569e9bd20f87fcce9-C2H2O2-0-1;7.916255;7.276859
ec16263886edf512f85f2220e95c56fc-F1N1S1-0-1;9.315665;8.948595
79062cdbb9ba23fa8889e4308470481e-C1H3O1P1-0-1;4.960522;4.821222
d27d50d59db302f5c59659367756f95b-C3H4O2-0-1;6.767791;6.816232
34bc207638fea54ddec67f0dba000f16-C3H4O2-0-1;4.256341;4.027801
1910c66317a43ac1a84f43717dbf0ae5-C3H4O2-0-1;7.245313;6.913387
2fa911ba20075e558feaaeba5f735f06-C3H4O2-0-1;6.548868;5.915718
97bf22fefb34db5d1e8c2c68182b5b54-C3F1H3O2-0-1;8.684935;8.019644
4cecb3d23331364b36306d3854c4138e-C3F1H3O2-0-1;8.755077;8.402514
d9b4ba38c9c0d3ff7f6d54d228e9e566-C3F1H3O2-0-1;7.664549;6.998201
a7edd3047d627321616f873cc83d2e5e-O1S1-0-1;6.915064;6.769303
53eb1fdbc1f2979b1e1d4130d5ba5230-C1H1O3P1-0-1;7.510774;6.649164
bbcc38cf2eedd48ebaf4305ecfb486f1-C2F1H4O1P1-0-1;5.008816;4.732776
f7f9133d8a497a106aa41c1b52ac672a-C3H2O3-0-1;7.995572;7.551208
3fb941d50a3516ed67ee46f8c3734696-C3H2O3-0-1;7.090733;7.331885
a98427e6929735cbbf7041ad27c4e789-C3H2O3-0-1;6.841281;6.390671
aea0bce2cd3fef5c37faf048e72009db-C3H2O3-0-1;7.666287;6.794608
755fd53074b2ce97f914e86d67868f47-C3H2O3-0-1;7.356875;6.958654
b2dca69accb554b099a6457183c3d020-C4H2O1-0-1;6.562151;6.365329
9656e50e43ddda7361eaee69d531f655-C4H2O1-0-1;7.974636;7.660782
d8085953de6741ce68ab26767ff39bd6-C4H2O1-0-1;6.854500;6.644004
139f2b49c8be376cb14db500a3762e95-C4H2O1-0-1;6.754221;6.479463
d2742e8c94dac6d9f0a981b01592faa6-C4H2O1-0-1;7.027218;6.814799
2059a08bead111d2aaa444ef43111fac-C4H2O1-0-1;7.152936;6.832817
7a3b1b8b453a89b7f1eece28e766a0f7-C4H2O1-0-1;6.735263;6.569066
e9f04108db37fc1f8d7f364fe7f54591-C3F1H3O1-0-1;6.784141;6.167538
05a3eea09be53c21b3993fb3211c85f0-C3F1H3O1-0-1;6.781732;6.270596
0913732cc5892b35a63c9dc59f58c51e-C3F1H3O1-0-1;5.914341;5.337054
8bd924e490bcfea65e8b756b1bfb8893-C3F1H3O1-0-1;6.497101;5.941724
bf61d7471859b3b633d42da39968ff3c-C3F1H3O1-0-1;6.604013;5.965996
4221dfc057671ef0d5fb5d0f87b67d55-C3F1H3O1-0-1;6.555906;5.888509
e55a6daf043edfbcdbbc4f7947bbfc71-C3F1H1O2-0-1;7.980908;7.557028
bf3aa5108a56a034a6a68caac2498f35-C2F1H1O1-0-1;7.448721;7.143028
843e4de28f492c3f0d835bce97aebc3d-C2F1H1O1-0-1;6.885242;6.546200
56b04dd4e0a7a8cfed5d4fa60cf10b48-C2F1H1O1-0-1;7.364390;6.837133
b32f0759f4878403f30f5df678ffb3c8-C1F2O1S1-0-1;7.546609;7.111923
146f12ef9aa432ac39565855810d1f38-C2H1O1P1-0-1;5.610349;5.477531
329b3fd8697ce440ea6c1628cc6df9f5-F1O2P1-0-1;10.559630;10.124698
2352bf3b4f33dabe6b7671295b2673e0-C3H2O2-0-1;7.956037;7.326763
4e8e6684a74c3c851aeb4c27c1fcdc02-C3H2O2-0-1;7.586892;7.159645
ef12501202de07379d9caeb7f220686f-C3H2O2-0-1;7.473592;7.590422
406cafacf48a7628d38d8e46cd783d02-C3H2O2-0-1;7.843980;7.460523
384a6b808777c69145ddc061e67fe943-C3O1-0-1;8.564198;8.351839
08ef2921ab10dd418b8f53a57643fb2b-F1P1-0-1;5.456077;5.347793
941475dc3544b6163fb267e6867610f8-C3H2O1-0-1;6.688037;5.995381
884aff4253be4381e697c7aef229d7ae-C3H2O1-0-1;7.796137;7.587948
05fe1f5c4725fa3ac6722ce4e0dc8f15-C3H2O1-0-1;8.192762;8.011966
7bbf85d99fbcb4130be624a18fc2aa44-C4H2O2-0-1;7.003639;6.650477
3d802a4ed9f29b3eeb3c489e4fdda6be-C4H2O2-0-1;5.677320;5.439705
28030bd04c51e99bdb3a11371ad239cc-C4H2O2-0-1;5.788334;5.546610
ed2a7363213ac7d8965225b0d1ff7f2b-C4H2O2-0-1;6.374234;5.897982
eedfc00910bba3c84e88b6b1a210d287-C4H2O2-0-1;6.863061;6.196200
356c6dcd546ab5a579cd9116b6def069-C4H2O2-0-1;6.512916;6.077402
ce74317914cb1a834da31fbbe5722320-C4H2O2-0-1;6.406080;5.916420
3c9b68f5d8dd01a6ba62671d2261c12d-C4H2O2-0-1;9.017910;8.165995
ae8eef2114f08f7925237c23134866fa-F1N1S2-0-1;6.611557;6.250370
160d885d28576d91e274f1defce0c389-C1H3O2P1-0-1;8.292701;8.007200
1c3f5eecc1fb05d7cb13d87345a2cdc6-C1F1H1-0-1;7.259444;6.694452
04373f67ba12209dc4cb674e15e966cb-C4H6O1-0-1;5.905843;5.330770
45ec2f77e11a813fd074c55af028ffad-C4H6O1-0-1;7.357360;6.919804
3b00e16ecf8c4c7ae66cefedc1ec0eb2-C4H6O1-0-1;6.388721;6.258081
d925982cbfe76b9f0a3f5c5c5b67723c-C4H6O1-0-1;5.896492;5.643648
d02791f154fc6140f1633530b3922ba3-C4H6O1-0-1;7.253386;6.620702
27b95b5385bfb3ad0a3841da7f6712d8-C4H6O1-0-1;7.758954;7.480451
a59b346cd7beb352d5b9bae0658151d7-C2H6O1-0-1;7.961765;7.480351
a3db9544d034c691cbc60faa12755e71-C2H6O1-0-1;7.371372;7.095435
7bf5519e5982924121186547eaf5d649-C4H8O2-0-1;7.244144;6.489657
c0a13cb44784464a401b3028b3b5869d-C4H8O2-0-1;7.421212;7.267876
02e13eb9623710b55d20c36768c4bd9d-C4H8O2-0-1;2.912773;2.516125
c686e9e23fc75f07b4bd59c858545550-C4H8O2-0-1;4.534226;4.315472
84ac55e3ad863f76a68984ab7b64ff26-C4H8O2-0-1;6.335156;5.981891
f92b9a6ed7e1114a9b4fc807be6de284-C4H8O2-0-1;6.718618;5.864950
0af1d0155d7207c806d7d5e78e18bece-C2F1H3O2-0-1;7.941555;7.646398
f1220d1f66a012560b6d7b7cc0c7fd6f-C2F1H3O2-0-1;5.664769;5.467710
d007f8ebbf7675fb135fc14956eb395b-C2F1H3O2-0-1;8.798503;8.342040
f1df0b6638cbfa57107ca92f4cfc1a7b-C4H6O2-0-1;4.569956;4.442305
f1d587942678f6938595d6db7fa9c2e8-C4H6O2-0-1;5.406662;5.115880
122d7a8c12bfd909977f17fb54bf5af4-C4H6O2-0-1;6.433440;6.116475
f63aa0e41fd871081eba5014a59d5b87-C4H6O2-0-1;6.593205;6.319505
15e82ffb96026ba438c9a594ee12c388-C4H6O2-0-1;6.445393;6.544043
51baaa178735ebe9393248615911e892-C4H6O2-0-1;7.768327;7.535780
5b874a641ebc121894720adf0e054ed7-C4H6O2-0-1;7.420409;7.317517
f58f7ccea34a03ace606a6fd63af6b21-C4H6O2-0-1;6.733656;6.710092
941151a043d36f390ccb03571373f9ad-C4H6O2-0-1;6.496215;6.465338
ab8258a112dca63a09ebe1f4f225758a-C4H6O2-0-1;7.030632;6.215583
6f558cd3ef2a8bfb682a3477ee20c9b4-C4H6O2-0-1;6.514755;6.249040
9bc564a7ce92ad9a12b907122d4435b2-C4H6O2-0-1;7.035914;6.705185
cf215a47ecba16f4b1796be7b6d4bafe-F2H1O1P1-0-1;8.522375;7.781460
538e8059ad5ccd51e316f1d85d318683-C4H2-0-1;7.635289;7.476220
beebe803fd6de3ac87ed838a4d8d6ff3-C4H2-0-1;7.319358;7.157928
a99e892f8740e416eab9c9abaefc8334-H1O2P1-0-1;8.555462;8.325167
17803bdcdac2136091857ecd4da57350-C1H3O3P1-0-1;10.180825;9.222505
4ee2c58d616283263e1a276b35e7a267-C3H6O2-0-1;4.922282;4.710431
98d7f5bb7626f9e7c27692b1b37749c4-C3H6O2-0-1;6.771912;5.966382
ac8e8ba99e1867ad472f3a9f585ad7ae-C3H6-0-1;7.061735;6.732996
a6d449700787155e9836404e03f5a41c-C2H5O2P1-0-1;4.567823;3.919065
7e3a2b19a5af30ab0981eacd78038857-C1F1H1O1-0-1;8.309865;7.478553
b6fe479487a04352d702164756d6d0ac-C1F1H1O1-0-1;9.707252;9.323454
6d258c73cf11fae93d4d3816af0290e8-F1N1O1S1-0-1;9.658472;9.130764
133004eb20f26ef002a92f06abee41ca-C2F1H1O2-0-1;8.779156;8.377968
799e73273a32c13492ae5ba5a010993d-C2F1H1O2-0-1;7.589566;6.994982
e473ee39de591ff8cac6ea1f47a0b34b-C2F1H1O2-0-1;6.790829;6.135041
366cdd57a062ca777e3bf29de84d24a8-C2H1O2P1-0-1;5.148342;5.036051
baf894588b8d74d033c90149bda9e473-C4H6-0-1;6.520221;6.302211
bd9b37b2515625b8ce57eb1a55ccf49f-C4H4O4-0-1;8.077375;6.582469
1fc65468e969ed0cd3847a1197d120d5-C5H8O3-0-1;6.978730;6.172863
1a215994cacd2d069dd3bcecf83afb79-C5H8O3-0-1;6.569590;5.647189
b7259c5fa131a846cc431c9cf5fbde76-C5H8O3-0-1;7.223840;6.763044
b5838f64215417f1c3804cff939a3900-C5H8O3-0-1;4.409250;3.520340
dfd9a0f6874b88ecc7fef406b4956d90-C5H8O3-0-1;7.235583;6.885659
081d558fc5b077fbd576acd7ecacbfb0-C6H8O4-0-1;4.520694;3.843971
263028ed45faf4d76e960a16cc9958ee-C5H10O2-0-1;6.667078;5.907164
371cebb7237ba0efe137a66acc7dfaba-C4H4O5-0-1;7.347476;6.586847
b04430ea9543ecf6ec8abfd54b403d71-C5H8O4-0-1;7.470646;7.327500
3a24d341460bdb2d66f5602053084449-C6H10O4-0-1;6.944786;6.153951
b01f452401e105d1b53e5d9a8e2ab475-C4H2O5-0-1;7.826709;7.066729
5c41cb65f21d8b65368c66bd132914ac-C5H10O3-0-1;8.884738;8.094916
